id;first_name;middle_name;last_name;specialization;address;rate;bio;education;picture;start_time;end_time;experience;user_id
1;Wilfrid;Quality-focused transition panel;Beier;enable reintermediate;Metal;41478;benchmark Bike;Borders deposit Clothing;Iowa navigating Iceland;2022-05-18T13:38:15;2022-05-18T02:41:40;23037;88747
2;Turner;rich Granite Practical Soft Computer;Windler;Handmade Computers;Refined monetize Berkshire;46332;orchid New Mexico;Frozen New Hampshire;Outdoors Liberian Dollar;2022-05-17T23:37:22;2022-05-18T16:02:08;43494;29146
3;Cesar;payment infomediaries;Bernhard;out-of-the-box;mission-critical;16122;Home Hollow indexing;Plastic;Marketing CSS South Carolina;2022-05-18T06:14:05;2022-05-18T16:54:14;11323;72510
4;Marjolaine;Coordinator purple;Effertz;Developer digital Ergonomic Wooden Chicken;Steel;93617;Distributed Checking Account Fish;Metal incentivize Licensed Granite Pizza;24/365 engage;2022-05-18T06:36:51;2022-05-18T01:08:51;10731;83690
5;Cali;Awesome Steel Salad withdrawal;Simonis;navigating International;Greece clear-thinking Pound Sterling;39508;Synergistic;Hat Licensed Metal Bacon deliver;ROI Ergonomic Steel Shirt;2022-05-18T17:51:30;2022-05-17T21:46:54;97254;94957
6;Dashawn;Applications;VonRueden;Isle Plastic Car;Buckinghamshire Administrator Small Metal Shirt;17771;withdrawal;deposit Jordanian Dinar Suriname;back up Albania;2022-05-18T13:15:46;2022-05-18T02:17:24;11062;91580
7;Salvatore;e-markets;Pollich;Legacy radical;pink Facilitator;21992;Hat Money Market Account Marketing;National California;synthesize payment;2022-05-17T23:18:42;2022-05-18T13:29:21;43768;12987
8;Dan;Reduced enhance;Dickens;teal Garden Steel;input reinvent Missouri;1424;Sausages expedite;monitor orchid;Internal;2022-05-18T15:47:31;2022-05-18T15:48:23;565;64016
9;Vada;maroon back-end;Streich;Branding;virtual;51746;Buckinghamshire Christmas Island Berkshire;Auto Loan Account;Creative Architect;2022-05-18T04:24:15;2022-05-17T20:30:20;6888;20583
10;Meggie;action-items generate;Gorczany;Credit Card Account circuit Technician;Som Incredible;8270;JSON overriding bypassing;front-end payment Plastic;infomediaries value-added Program;2022-05-18T01:44:15;2022-05-18T17:54:06;78487;96090
